DATE,CPI,M2,UNRATE,DSPI,PCE,FEDFUNDS,INDPRO,M1SL
01-01-1990,132.1,3166.8,5.4,4208.4,3730.7,8.23,61.644,795.4
01-02-1990,132.7,3179.2,5.3,4236.3,3728.2,8.24,62.2108,798.1
01-03-1990,133.5,3190.1,5.2,4254,3754.9,8.28,62.5068,801.5
01-04-1990,134,3201.6,5.4,4290.8,3770,8.26,62.3597,806.1
01-05-1990,134.4,3200.6,5.4,4296,3775.8,8.18,62.5474,804.2
01-06-1990,135.1,3213.7,5.2,4321.9,3804.5,8.29,62.7541,808.8
01-07-1990,135.8,3224.5,5.5,4348.3,3821.7,8.15,62.6497,810.1
01-08-1990,136.6,3242,5.7,4350.4,3848.3,8.13,62.8761,815.7
01-09-1990,137.1,3254.6,5.9,4375.8,3870.1,8.2,62.896,820.2
01-10-1990,137.6,3259.3,5.9,4365.5,3870.6,8.11,62.506,819.9
01-11-1990,138,3262.6,6.2,4373,3871.9,7.81,61.7271,822.1
01-12-1990,138.6,3271.8,6.3,4403.1,3861.3,7.31,61.2939,824.7
01-01-1991,139.5,3287.7,6.4,4408.2,3841,6.91,61.0931,827.2
01-02-1991,140.2,3304.5,6.6,4417.2,3866.7,6.25,60.6522,832.6
01-03-1991,140.5,3321.9,6.8,4425.6,3913,6.12,60.3069,838.7
01-04-1991,140.9,3332.4,6.7,4451.4,3907.1,5.91,60.4658,843.1
01-05-1991,141.3,3343,6.9,4470.7,3933.2,5.78,61.0671,848.8
01-06-1991,141.8,3351.9,6.9,4501.2,3940.5,5.9,61.5611,856.7
01-07-1991,142.3,3356.1,6.8,4499.2,3966,5.82,61.723,861.6
01-08-1991,142.9,3355,6.9,4519.7,3969.1,5.66,61.736,866.8
01-09-1991,143.4,3354.9,6.9,4547.3,3984.7,5.45,62.2464,869.7
01-10-1991,143.7,3360.1,7,4562.2,3976,5.21,62.1825,878
01-11-1991,144.2,3365.5,7,4578.6,4003.6,4.81,62.0983,887.6
01-12-1991,144.7,3372.2,7.3,4630.9,4020.5,4.43,61.8108,897
01-01-1992,145.1,3381.2,7.3,4681.8,4084.7,4.03,61.4898,910.4
01-02-1992,145.4,3400,7.4,4713.9,4099.5,4.06,61.9299,925.2
01-03-1992,145.9,3403.9,7.4,4729.5,4117,3.98,62.449,936.7
01-04-1992,146.3,3399.7,7.4,4755.6,4131.5,3.73,62.9312,943.8
01-05-1992,146.8,3398.6,7.6,4784.1,4158.4,3.82,63.1359,950.6
01-06-1992,147.1,3393.4,7.8,4812.6,4177.1,3.76,63.1736,954.3
01-07-1992,147.6,3393.9,7.7,4824.8,4204.8,3.25,63.7408,963.3
01-08-1992,147.9,3398.8,7.6,4848.2,4220.9,3.3,63.3917,973.7
01-09-1992,148.1,3410.3,7.6,4833.4,4255.3,3.22,63.5927,988
01-10-1992,148.8,3423.8,7.3,4819.2,4284.7,3.1,64.0282,1003.7
01-11-1992,149.2,3426.5,7.4,4836,4300.5,3.09,64.2732,1015.7
01-12-1992,149.6,3424.7,7.4,5017.2,4336.4,2.92,64.3668,1024.9
01-01-1993,150.1,3419.1,7.3,4919.8,4340.7,3.02,64.6256,1030.4
01-02-1993,150.6,3414.5,7.1,4950.7,4355.3,3.03,64.929,1033.5
01-03-1993,150.8,3411.7,7,4945.5,4352.5,3.07,64.872,1038.4
01-04-1993,151.4,3411.3,7.1,4984.4,4393.4,2.96,65.0611,1047.6
01-05-1993,151.8,3436.9,7.1,4992.6,4422.4,3,64.8104,1065.9
01-06-1993,152.1,3442.4,7,4985,4440,3.04,64.9553,1075.1
01-07-1993,152.3,3442,6.9,5005.5,4468.9,3.06,65.1198,1084.6
01-08-1993,152.8,3445.7,6.8,5021.3,4481.1,3.03,65.0494,1094.2
01-09-1993,152.9,3452.2,6.7,5012.8,4511.5,3.09,65.3882,1104.2
01-10-1993,153.4,3456.7,6.8,5004.1,4532.8,2.99,65.8702,1113.1
01-11-1993,153.9,3470.1,6.6,5027.4,4554.1,3.02,66.1779,1124.1
01-12-1993,154.3,3474.5,6.5,5199.9,4571.1,2.96,66.5602,1129.6
01-01-1994,154.5,3474.9,6.6,5103.9,4585.1,3.05,66.7722,1131.6
01-02-1994,154.8,3475.7,6.6,5125.3,4632.6,3.25,66.8068,1136.3
01-03-1994,155.3,3480.1,6.5,5156.2,4646,3.34,67.4832,1140.1
01-04-1994,155.5,3481.3,6.4,5162.3,4671.1,3.56,67.8771,1141.1
01-05-1994,155.9,3490.8,6.1,5229.4,4669.5,4.01,68.1961,1143.3
01-06-1994,156.4,3479.5,6.1,5233.9,4708.9,4.25,68.6526,1145.2
01-07-1994,156.7,3488.2,6.1,5254.9,4720.6,4.26,68.7353,1150.7
01-08-1994,157.1,3485.7,6,5273.3,4762.6,4.47,69.1954,1150.6
01-09-1994,157.5,3486.1,5.9,5302.2,4775,4.73,69.4017,1151.9
01-10-1994,157.8,3484.3,5.8,5361.6,4812.9,4.76,69.969,1150.2
01-11-1994,158.2,3487.2,5.6,5371.6,4825.6,5.29,70.4367,1150.9
01-12-1994,158.3,3486.4,5.5,5399.4,4841.6,5.45,71.1413,1150.7
01-01-1995,159,3492.4,5.6,5427.5,4851.2,5.53,71.2762,1151.4
01-02-1995,159.4,3489.9,5.4,5447.9,4850.8,5.92,71.1904,1147.4
01-03-1995,159.9,3491.1,5.4,5473,4885.4,5.98,71.2891,1146.7
01-04-1995,160.4,3499.2,5.8,5446.7,4890.2,6.05,71.1623,1149.3
01-05-1995,160.7,3524.2,5.6,5510.3,4933.1,6.01,71.5044,1145.3
01-06-1995,161.1,3548.9,5.6,5532.1,4977.5,6,71.743,1144.2
01-07-1995,161.4,3567.4,5.7,5551.2,4970.2,5.85,71.4459,1145.5
01-08-1995,161.8,3589,5.7,5566.7,5005.3,5.74,72.38,1145.4
01-09-1995,162.2,3602.1,5.6,5588.5,5020.5,5.8,72.6601,1142
01-10-1995,162.7,3613.4,5.5,5609.1,5013.9,5.76,72.5428,1137.3
01-11-1995,163,3619.9,5.6,5624,5055.6,5.8,72.7178,1134.1
01-12-1995,163.1,3629.5,5.6,5642.2,5097.5,5.6,72.9672,1127.5
01-01-1996,163.7,3647.9,5.6,5662.1,5085.7,5.56,72.5866,1123.5
01-02-1996,164,3661.8,5.5,5714.6,5132.8,5.22,73.6389,1118.5
01-03-1996,164.4,3686.9,5.5,5750.2,5173.3,5.31,73.5202,1122.6
01-04-1996,164.6,3697.7,5.6,5732.6,5208,5.22,74.2664,1124.8
01-05-1996,165,3709.6,5.6,5815,5223.8,5.24,74.8145,1116.5
01-06-1996,165.4,3722.5,5.3,5849.6,5229.8,5.27,75.3779,1115.2
01-07-1996,165.7,3737.1,5.5,5846,5251.9,5.4,75.3754,1112.4
01-08-1996,166,3744,5.1,5865.9,5275,5.22,75.7568,1101.6
01-09-1996,166.5,3753.4,5.2,5895.9,5296.6,5.3,76.2304,1096.2
01-10-1996,166.8,3772.8,5.2,5912.8,5328.5,5.24,76.2193,1085.7
01-11-1996,167.2,3795.1,5.4,5939,5351.2,5.31,76.8941,1083.5
01-12-1996,167.4,3818.6,5.4,5965.5,5378.6,5.29,77.3731,1081.3
01-01-1997,167.8,3834.6,5.3,5989.6,5411.1,5.25,77.5138,1081.2
01-02-1997,168.1,3846.3,5.2,6018.1,5434,5.19,78.4246,1078.8
01-03-1997,168.4,3861.2,5.2,6052.4,5454.2,5.39,78.9266,1072.5
01-04-1997,168.9,3877,5.1,6062.3,5459.3,5.51,78.9924,1063.9
01-05-1997,169.2,3889.2,4.9,6085.8,5460.2,5.5,79.4411,1063.8
01-06-1997,169.4,3906,5,6113.1,5494.2,5.56,79.8048,1066.1
01-07-1997,169.7,3923.9,4.9,6140.2,5548.8,5.52,80.48,1065.5
01-08-1997,169.8,3957.4,4.8,6177.3,5587,5.54,81.2862,1075.3
01-09-1997,170.2,3973.1,4.9,6208.4,5601.7,5.54,82.038,1066.9
01-10-1997,170.6,3992.3,4.7,6247.1,5637.7,5.5,82.7657,1065.6
01-11-1997,170.8,4014.8,4.6,6288,5661.1,5.52,83.4321,1070.9
01-12-1997,171.2,4032.9,4.7,6323.4,5692.1,5.5,83.7826,1072.3
01-01-1998,171.6,4056.2,4.6,6382.2,5689.9,5.56,84.1656,1074
01-02-1998,171.9,4088.9,4.6,6420.1,5723.8,5.51,84.3048,1077.8
01-03-1998,172.2,4114.3,4.7,6458.7,5750.3,5.49,84.3416,1076.9
01-04-1998,172.5,4140.2,4.3,6487.7,5788.1,5.45,84.6263,1076.5
01-05-1998,172.9,4164.4,4.4,6523.5,5837.9,5.49,85.1839,1079.1
01-06-1998,173.2,4184.1,4.5,6554.9,5871.7,5.56,84.6809,1076.3
01-07-1998,173.5,4203.8,4.5,6582.3,5890,5.54,84.3448,1075.1
01-08-1998,174,4228.7,4.5,6612.2,5925,5.55,86.0846,1075.9
01-09-1998,174.2,4267.6,4.6,6627,5965.6,5.51,85.9945,1079.9
01-10-1998,174.4,4307.7,4.5,6650,5998.8,5.07,86.5967,1086
01-11-1998,174.8,4346.4,4.4,6676.8,6015.4,4.83,86.5114,1094.9
01-12-1998,175.4,4375.2,4.4,6695.6,6070.5,4.68,86.8608,1095
01-01-1999,175.6,4402.6,4.3,6742.4,6073.9,4.63,87.2277,1098.1
01-02-1999,175.6,4425.3,4.4,6761.5,6099.2,4.76,87.7266,1096.7
01-03-1999,175.7,4432.1,4.2,6772.2,6133,4.81,87.9203,1096.6
01-04-1999,176.3,4460.7,4.3,6782.6,6199.5,4.74,88.1153,1101.6
01-05-1999,176.5,4485.3,4.2,6798.7,6232.1,4.74,88.6554,1103.8
01-06-1999,176.6,4507.2,4.3,6823.7,6260.3,4.76,88.5958,1099.8
01-07-1999,177.1,4534.5,4.3,6854.6,6287.6,4.99,89.1235,1099.1
01-08-1999,177.3,4551.7,4.2,6895.9,6331.9,5.07,89.5116,1099.2
01-09-1999,177.8,4567.7,4.2,6911.6,6386.5,5.22,89.1361,1096.5
01-10-1999,178.1,4591.5,4.1,6961.1,6411.4,5.2,90.2842,1103.3
01-11-1999,178.4,4610.5,4.1,7012.5,6448.7,5.42,90.7631,1110.7
01-12-1999,178.7,4638,4,7083.4,6541,5.3,91.4926,1122.2
01-01-2000,179.3,4666.2,4,7149.3,6542.9,5.45,91.4251,1122.1
01-02-2000,179.4,4679.4,4.1,7199.7,6625.3,5.73,91.7357,1108.6
01-03-2000,180,4710.2,4,7249.8,6686.5,5.85,92.0933,1107.5
01-04-2000,180.3,4766.1,3.8,7280.3,6679.1,6.02,92.6838,1115.6
01-05-2000,180.7,4753.9,4,7316.5,6709.7,6.27,92.9376,1104.9
01-06-2000,181.1,4771.8,4,7361.9,6746.9,6.53,93.0076,1102.6
01-07-2000,181.5,4789.4,4,7419.9,6768.5,6.54,92.8458,1103.5
01-08-2000,181.9,4817.5,4.1,7465.6,6802.8,6.5,92.5972,1100.2
01-09-2000,182.3,4853.2,3.9,7506.6,6888.6,6.52,92.9653,1099.7
01-10-2000,182.6,4869.2,3.9,7538.4,6893.8,6.51,92.6418,1098.7
01-11-2000,183.1,4880.3,3.9,7552.2,6909.8,6.51,92.6618,1092.4
01-12-2000,183.3,4925,3.9,7579.4,6952.2,6.4,92.3459,1088.6
01-01-2001,183.9,4975.7,4.2,7651.7,6987.4,5.98,91.8903,1096.7
01-02-2001,184.4,5014.1,4.2,7672.4,7001.8,5.49,91.2915,1101.2
01-03-2001,184.7,5072,4.3,7696.3,6996.7,5.31,91.0526,1108.9
01-04-2001,185.1,5135.9,4.4,7693.8,7004.2,4.8,90.7293,1116.7
01-05-2001,185.3,5133,4.3,7700.2,7052.8,4.21,90.2577,1118.5
01-06-2001,186,5173.5,4.5,7716.5,7069.7,3.97,89.7677,1126.2
01-07-2001,186.4,5203.4,4.6,7829,7082.3,3.77,89.226,1138.9
01-08-2001,186.7,5237.2,4.9,7958.2,7121.7,3.65,89.1326,1150.2
01-09-2001,187.1,5348.4,5,7863.3,7007,3.07,88.6679,1205.7
01-10-2001,187.4,5337.1,5.3,7751.2,7212.9,2.49,88.3926,1165.7
01-11-2001,188.1,5380.8,5.5,7755,7182.3,2.09,87.8774,1171
01-12-2001,188.4,5433.8,5.7,7761.5,7166.7,1.82,87.8344,1183.2
01-01-2002,188.7,5454.1,5.7,7931.2,7184.6,1.73,88.4665,1190.7
01-02-2002,189.1,5483.4,5.7,7957.1,7225.2,1.74,88.4661,1190.6
01-03-2002,189.2,5495.2,5.7,7984.4,7243.4,1.73,89.1228,1193.3
01-04-2002,189.7,5495.4,5.9,8044.6,7312.5,1.75,89.5532,1186.9
01-05-2002,190,5521.5,5.8,8082,7288.9,1.75,89.934,1189.3
01-06-2002,190.2,5546.5,5.8,8116.2,7322.5,1.75,90.6769,1193.3
01-07-2002,190.5,5589.1,5.8,8113.3,7387.3,1.73,90.6455,1199.1
01-08-2002,191.1,5631.6,5.7,8130.8,7412.6,1.74,90.5475,1187.1
01-09-2002,191.3,5656,5.7,8153.5,7391.5,1.75,90.6381,1196.1
01-10-2002,191.5,5700.4,5.7,8190,7435.2,1.75,90.4041,1204
01-11-2002,191.9,5750.6,5.9,8220.6,7463.8,1.34,90.8985,1209.6
01-12-2002,192.1,5772,6,8250.8,7519.9,1.24,90.389,1220.2
01-01-2003,192.4,5804.6,5.8,8268,7541.3,1.24,91.1355,1227.3
01-02-2003,192.5,5840.7,5.9,8274.7,7548.6,1.26,91.2502,1238.2
01-03-2003,192.5,5861.4,5.9,8313.4,7611.5,1.25,91.0059,1239.3
01-04-2003,192.5,5898.8,6,8342.9,7634.5,1.26,90.4281,1250
01-05-2003,192.9,5959.3,6.1,8394.8,7650.3,1.26,90.4073,1268.8
01-06-2003,193,5996,6.3,8426,7699.6,1.22,90.5218,1281
01-07-2003,193.4,6042.7,6.2,8552.3,7757,1.01,90.9896,1287.5
01-08-2003,193.6,6100.8,6.1,8640.1,7852.1,1.03,90.7858,1296.4
01-09-2003,193.7,6072.8,6.1,8568.6,7853.7,1.01,91.3829,1297.2
01-10-2003,194,6063.6,6,8602.1,7867.4,1.01,91.5005,1297.8
01-11-2003,194,6069.1,5.8,8664.9,7922.6,1,92.1265,1299.1
01-12-2003,194.2,6067.3,5.7,8690.8,7950.4,0.98,92.1722,1306.2
01-01-2004,194.6,6075.5,5.7,8719.7,8007.1,1,92.327,1306
01-02-2004,194.9,6114.3,5.6,8753.9,8040.4,1.01,92.8873,1321.4
01-03-2004,195.5,6150.1,5.8,8802.8,8098.8,1,92.5325,1328.7
01-04-2004,195.9,6191.2,5.6,8849,8107.2,1,92.9096,1332.8
01-05-2004,196.2,6268.1,5.6,8922,8176.5,1,93.5838,1333.3
01-06-2004,196.6,6270.5,5.6,8952.9,8157.6,1.03,92.8621,1342.7
01-07-2004,196.8,6284.3,5.5,8981,8236.9,1.26,93.5511,1340.8
01-08-2004,196.9,6310.6,5.4,9012.9,8271.6,1.43,93.6328,1354.3
01-09-2004,197.5,6345.3,5.4,9034.6,8341.5,1.61,93.7418,1362.5
01-10-2004,197.9,6373.3,5.5,9075.8,8397.1,1.76,94.5671,1362.3
01-11-2004,198.3,6399.8,5.4,9081.3,8444.5,1.93,94.8,1374.2
01-12-2004,198.6,6418.3,5.4,9419.8,8504.4,2.16,95.5426,1376
01-01-2005,199,6424.5,5.3,9082.2,8497.7,2.28,95.8831,1367.1
01-02-2005,199.4,6432.8,5.4,9109.5,8559.1,2.5,96.5616,1371.1
01-03-2005,200.1,6441.9,5.2,9169.2,8598.4,2.63,96.4371,1370.9
01-04-2005,200.2,6455.9,5.2,9223.7,8678.4,2.79,96.628,1358.4
01-05-2005,200.5,6473.3,5.1,9268.6,8671.6,3,96.7306,1366
01-06-2005,200.6,6505.8,5,9293.1,8753.4,3.04,97.1488,1380.1
01-07-2005,200.9,6537.4,5,9342.1,8853.8,3.26,96.8383,1369
01-08-2005,201.1,6570.2,4.9,9394.8,8850.1,3.5,97.1603,1377.8
01-09-2005,201.3,6604.3,5,9452.2,8900.4,3.62,95.2729,1378.6
01-10-2005,202,6638.6,5,9520,8938.5,3.78,96.4383,1376.5
01-11-2005,202.5,6655,5,9559.6,8946.2,4,97.4951,1376.1
01-12-2005,202.8,6681.9,4.9,9588.8,8981.1,4.16,97.9788,1374.3
01-01-2006,203.2,6724.3,4.7,9732.7,9071.6,4.29,98.1305,1379.5
01-02-2006,203.6,6748.6,4.8,9781.2,9096,4.49,98.1779,1378.4
01-03-2006,204.3,6762.9,4.7,9837.6,9132.9,4.59,98.3898,1383.2
01-04-2006,204.8,6800.1,4.7,9880.7,9191.6,4.79,98.6769,1381.4
01-05-2006,205.4,6806.9,4.6,9900.9,9231.8,4.94,98.7052,1387.2
01-06-2006,205.9,6844.9,4.6,9938.1,9259.6,4.99,99.0427,1375.4
01-07-2006,206.3,6886.3,4.7,9967.9,9343.8,5.24,98.9804,1372.4
01-08-2006,206.8,6917.1,4.7,9990.9,9342.2,5.25,99.4106,1372.4
01-09-2006,207.2,6944.2,4.5,10018.2,9375.4,5.25,99.2207,1364.4
01-10-2006,207.6,6993.3,4.4,10039.9,9393.6,5.25,99.1253,1370.3
01-11-2006,207.8,7028.4,4.5,10084.2,9400.2,5.25,99.0969,1370.8
01-12-2006,208.1,7071.6,4.4,10168.2,9488.3,5.24,100.1122,1366.6
01-01-2007,208.6,7109.6,4.6,10200.4,9538.7,5.25,99.7571,1371.7
01-02-2007,209.135,7125.3,4.5,10265.8,9566,5.26,100.7275,1363
01-03-2007,209.418,7159.1,4.4,10337,9611.7,5.26,100.9023,1366.5
01-04-2007,209.747,7231.3,4.5,10376.5,9643.6,5.25,101.5874,1378
01-05-2007,210.058,7245.4,4.4,10412.7,9685.8,5.25,101.6299,1380.9
01-06-2007,210.392,7278.6,4.6,10429.1,9706.8,5.25,101.6482,1368.2
01-07-2007,210.773,7309,4.7,10456.3,9751.1,5.26,101.4925,1371.8
01-08-2007,211.119,7385.1,4.6,10467.3,9798.9,5.02,101.6874,1376.3
01-09-2007,211.554,7403.2,4.7,10524.1,9845.1,4.94,101.9398,1375.7
01-10-2007,212.077,7417.2,4.7,10547.9,9882.7,4.76,101.6345,1379.4
01-11-2007,212.66,7441.8,4.7,10594.8,9955.9,4.49,102.2068,1371.8
01-12-2007,213.168,7471.6,5,10663.8,9972.8,4.24,102.2604,1373.4
01-01-2008,213.771,7505.5,5,10705.5,9996.4,3.94,102.14,1377.7
01-02-2008,213.939,7590.6,4.9,10731.1,9981.7,2.98,101.7671,1380.4
01-03-2008,214.42,7656.2,5.1,10765.4,10035.3,2.61,101.4355,1388.7
01-04-2008,214.56,7699.2,5,10745.4,10070.3,2.28,100.7424,1391.4
01-05-2008,214.936,7711.2,5.4,11322.5,10132.3,1.98,100.132,1393.4
01-06-2008,215.424,7728.9,5.6,11117.6,10187.1,2,99.8651,1404.6
01-07-2008,215.965,7775.4,5.8,10999.7,10185.1,2.01,99.4214,1421.1
01-08-2008,216.393,7790.2,6.1,10929.5,10175.7,2,97.8448,1407.4
01-09-2008,216.713,7859.5,6.1,10964.1,10116.4,1.81,93.559,1462
01-10-2008,216.788,7965.3,6.5,10973.7,10034.1,0.97,94.4956,1473.8
01-11-2008,216.947,8015.8,6.8,10937.5,9885.2,0.39,93.2689,1514.6
01-12-2008,216.925,8192.1,7.3,10826.1,9801.5,0.16,90.628,1601.7
01-01-2009,217.346,8273.7,7.8,10891.5,9847.2,0.15,88.3811,1582.8
01-02-2009,217.792,8303.1,8.3,10805.4,9824.5,0.22,87.8412,1567.2
01-03-2009,218.253,8369.3,8.7,10794.3,9773.2,0.18,86.4794,1578.9
01-04-2009,218.706,8372.9,9,10878,9772.5,0.15,85.7883,1611.6
01-05-2009,218.904,8430.7,9.4,11048.4,9791.6,0.18,84.9516,1617.5
01-06-2009,219.112,8440.5,9.5,10912.3,9852.4,0.21,84.6928,1658.8
01-07-2009,219.263,8445.1,9.5,10864.9,9886.3,0.16,85.7044,1662.5
01-08-2009,219.496,8445,9.6,10875.2,10004.1,0.16,86.6617,1660
01-09-2009,219.92,8444.2,9.8,10924.7,9927.8,0.15,87.4033,1664.9
01-10-2009,220.501,8471.1,10,10932.5,9976.7,0.12,87.6035,1677.7
01-11-2009,220.666,8500.8,9.9,10987.9,9985.7,0.12,87.9559,1683
01-12-2009,220.881,8496,9.9,11044.5,10052.6,0.12,88.2468,1692.8
01-01-2010,220.633,8458.1,9.8,11073.7,10056.1,0.11,89.1911,1674.7
01-02-2010,220.731,8507.4,9.8,11079,10093.4,0.13,89.4972,1699.8
01-03-2010,220.783,8504.5,9.9,11138.2,10156,0.16,90.1419,1711.9
01-04-2010,220.822,8535.2,9.9,11240.7,10182.3,0.2,90.4591,1699
01-05-2010,220.962,8589.9,9.6,11328.4,10210.8,0.2,91.702,1710.1
01-06-2010,221.194,8609,9.4,11327.3,10231.3,0.18,91.8997,1731.6
01-07-2010,221.363,8618.8,9.4,11345.9,10268.1,0.18,92.2522,1724
01-08-2010,221.509,8669.1,9.5,11395.1,10307.1,0.19,92.5899,1748.7
01-09-2010,221.711,8700.1,9.5,11405,10327.1,0.19,92.8564,1766.2
01-10-2010,221.83,8749.4,9.4,11443.8,10386.4,0.19,92.6037,1780.4
01-11-2010,222.149,8770,9.8,11478.1,10433.6,0.19,92.6773,1828.4
01-12-2010,222.343,8801.8,9.3,11573,10471,0.18,93.5851,1836.7
01-01-2011,222.803,8823.1,9.1,11662.3,10514.3,0.17,93.3944,1846.3
01-02-2011,223.213,8886.9,9,11728.2,10540.6,0.16,92.993,1870.1
01-03-2011,223.454,8943.5,9,11744.3,10619.7,0.14,93.982,1896.5
01-04-2011,223.727,9004.9,9.1,11774.2,10652.1,0.1,93.6525,1897
01-05-2011,224.175,9075.5,9,11795.2,10672.2,0.09,93.7775,1941.6
01-06-2011,224.697,9151,9.1,11840.7,10694.8,0.09,94.0467,1963.4
01-07-2011,225.218,9316.6,9,11906.1,10731.6,0.07,94.4931,1996
01-08-2011,225.862,9507.6,9,11928.6,10750.3,0.1,95.0969,2115.4
01-09-2011,226.118,9528.3,9,11928.6,10783.2,0.08,95.0281,2120
01-10-2011,226.506,9562.1,8.8,11938.4,10802.9,0.07,95.6924,2128.5
01-11-2011,226.899,9612.6,8.6,11954.4,10806.8,0.08,95.6913,2182
01-12-2011,227.405,9660.1,8.5,12069.5,10817.8,0.07,96.1938,2165.7
01-01-2012,227.877,9733.3,8.3,12175.6,10896.8,0.08,96.779,2201.8
01-02-2012,228.034,9785.7,8.3,12261.2,10987.2,0.1,97.0959,2207.1
01-03-2012,228.478,9830.6,8.2,12319.4,10993.9,0.13,96.5919,2227.8
01-04-2012,228.905,9884.6,8.2,12382.9,11018.5,0.14,97.2942,2237.3
01-05-2012,229.224,9928.4,8.2,12365.1,11006.8,0.16,97.4853,2256.2
01-06-2012,229.623,9999.3,8.2,12344.6,10989.8,0.16,97.4959,2275.3
01-07-2012,229.97,10051.8,8.2,12257.1,11016.8,0.16,97.6922,2315
01-08-2012,230.233,10121.3,8.1,12262.1,11056,0.13,97.3061,2354.1
01-09-2012,230.659,10200.8,7.8,12386.3,11105.3,0.14,97.2383,2386.6
01-10-2012,231.024,10267.3,7.8,12507.6,11137.4,0.16,97.5425,2420.1
01-11-2012,231.33,10337.6,7.7,12664.4,11178.4,0.16,97.934,2441.2
01-12-2012,231.725,10459.7,7.9,12973.2,11181.2,0.16,98.1984,2460.7
01-01-2013,232.229,10482.9,8,12238.4,11252.4,0.14,98.2029,2476.7
01-02-2013,232.569,10501.3,7.7,12251.7,11290.5,0.15,98.6733,2468.9
01-03-2013,232.794,10558.3,7.5,12272.1,11290.1,0.14,99.0788,2476.3
01-04-2013,232.832,10586.3,7.6,12298.9,11281.1,0.15,98.9658,2504.9
01-05-2013,232.996,10621,7.5,12365.9,11321.6,0.11,99.0567,2523.5
01-06-2013,233.35,10678.7,7.5,12394.8,11344.4,0.09,99.2424,2521
01-07-2013,233.88,10718.4,7.3,12397,11372.6,0.09,98.9258,2542.3
01-08-2013,234.336,10776.6,7.2,12441.9,11406.6,0.08,99.5059,2551.3
01-09-2013,234.7,10837.2,7.2,12503,11445.9,0.08,100.0391,2585.5
01-10-2013,234.921,10961.6,7.2,12468.6,11498,0.09,99.9203,2631.2
01-11-2013,235.359,10969.7,6.9,12510.6,11562.5,0.08,100.1661,2638.8
01-12-2013,235.759,11035,6.7,12551.8,11593.2,0.09,100.3777,2674.2
01-01-2014,235.961,11080.8,6.6,12636.2,11578.8,0.07,99.999,2697.8
01-02-2014,236.185,11178.8,6.7,12708.5,11636.9,0.07,100.7583,2724
01-03-2014,236.625,11208.1,6.7,12798.5,11722.3,0.08,101.7767,2749.9
01-04-2014,237.072,11257.7,6.2,12870,11762.3,0.09,101.8425,2770.5
01-05-2014,237.529,11321,6.3,12932.6,11807.3,0.09,102.2594,2787
01-06-2014,237.837,11374.9,6.1,12993,11861.7,0.1,102.5986,2821.8
01-07-2014,238.195,11429.9,6.2,13037.2,11904.4,0.09,102.8163,2841.4
01-08-2014,238.405,11458.9,6.1,13093.2,11983.7,0.09,102.6562,2801.4
01-09-2014,238.786,11499.8,5.9,13137,11991.4,0.09,102.9776,2866.2
01-10-2014,239.191,11566,5.7,13195.9,12064.7,0.09,102.9892,2876.9
01-11-2014,239.458,11604.8,5.8,13255,12083.9,0.09,103.6402,2892.6
01-12-2014,239.584,11684.9,5.6,13323.7,12096.1,0.12,103.6345,2947.3
01-01-2015,239.811,11745.6,5.7,13335.7,12066.7,0.11,102.8239,2939.7
01-02-2015,240.172,11879,5.5,13408.1,12116.6,0.11,102.1513,3004.9
01-03-2015,240.755,11886.8,5.4,13397.8,12176.1,0.11,101.824,2997.7
01-04-2015,241.346,11928.9,5.4,13439.5,12209.1,0.12,101.244,2996.9
01-05-2015,241.688,11957.9,5.6,13494.8,12275.4,0.12,100.783,2979.8
01-06-2015,242.064,12001.7,5.3,13529.3,12307.9,0.13,100.4781,3018
01-07-2015,242.565,12051.3,5.2,13572.5,12364.9,0.13,101.1052,3039.6
01-08-2015,242.817,12101.9,5.1,13602.8,12396.2,0.14,100.9442,3027
01-09-2015,243.316,12160.8,5,13619.5,12386.4,0.14,100.6507,3047
01-10-2015,243.768,12195.9,5,13643.6,12394.9,0.12,100.1871,3022.3
01-11-2015,244.241,12284.6,5.1,13648.6,12423.2,0.12,99.4382,3084.8
01-12-2015,244.547,12346.8,5,13702.2,12452,0.24,98.939,3100
01-01-2016,244.955,12469.9,4.8,13767.2,12478,0.34,99.4558,3095
01-02-2016,245.51,12556.7,4.9,13773.8,12554.5,0.38,98.9136,3128
01-03-2016,245.913,12616.7,5,13806,12537,0.36,98.1907,3153.7
01-04-2016,246.551,12700.4,5.1,13822.6,12611.5,0.37,98.4669,3198.5
01-05-2016,247.137,12766.2,4.8,13834.7,12652.7,0.37,98.2518,3237.8
01-06-2016,247.54,12829.4,4.9,13868.1,12731.2,0.38,98.7275,3244.9
01-07-2016,247.829,12887.7,4.8,13924.8,12756.7,0.39,98.836,3245.3
01-08-2016,248.423,12972.8,4.9,13960.5,12788.1,0.4,98.7554,3317.5
01-09-2016,248.842,13033.6,5,14019,12846.6,0.4,98.6596,3327.3
01-10-2016,249.142,13100.5,4.9,14073.7,12867,0.4,98.7322,3333.5
01-11-2016,249.481,13173.4,4.7,14116.1,12893,0.41,98.3452,3353.9
01-12-2016,249.92,13213.4,4.7,14180.1,13005.9,0.54,99.0314,3345.6
01-01-2017,250.467,13283.4,4.7,14294.2,13063.7,0.65,98.7987,3389.3
01-02-2017,250.998,13358.8,4.6,14356.4,13088.4,0.66,98.4322,3400.4
01-03-2017,250.944,13426.9,4.4,14408.5,13139.9,0.79,99.0663,3452.9
01-04-2017,251.227,13484.9,4.4,14468.8,13169.2,0.9,100.0082,3452.7
01-05-2017,251.43,13538.1,4.4,14563.6,13171.9,0.91,100.1286,3517.6
01-06-2017,251.746,13559.2,4.3,14583.9,13225.2,1.04,100.3233,3526.3
01-07-2017,251.985,13618.7,4.3,14630.7,13263.3,1.15,100.0947,3548.6
01-08-2017,252.535,13673.7,4.4,14681.5,13294.6,1.16,99.6642,3585.1
01-09-2017,252.812,13717.9,4.3,14764.1,13417.3,1.15,99.7686,3569.3
01-10-2017,253.526,13770.1,4.2,14826.3,13447.5,1.15,100.9981,3604.4
01-11-2017,253.816,13799.9,4.2,14870.2,13540.6,1.16,101.2597,3626.2
01-12-2017,254.344,13857.9,4.1,14918.8,13666.1,1.3,101.4573,3618.8
01-01-2018,255.204,13869.7,4,15064.6,13703.3,1.41,101.3939,3650.7
01-02-2018,255.711,13912.3,4.1,15132,13738.7,1.42,101.7656,3614
01-03-2018,256.271,13970.2,4,15202.6,13793.2,1.51,102.2441,3667
01-04-2018,256.63,13988.8,4,15271.7,13838.4,1.69,103.3468,3660
01-05-2018,257.145,14047.2,3.8,15349.7,13905,1.7,102.3911,3654.4
01-06-2018,257.399,14103.6,4,15425.7,13930.4,1.82,103.1924,3654.5
01-07-2018,257.699,14139.2,3.8,15508.8,13974.8,1.91,103.3334,3679.8
01-08-2018,257.891,14181.3,3.8,15574.8,14014,1.91,104.0807,3690.4
01-09-2018,258.368,14212.9,3.7,15605.6,14017.8,1.95,104.1181,3700.1
01-10-2018,258.917,14222.5,3.8,15670.2,14083.1,2.19,103.9397,3724.9
01-11-2018,259.439,14236.8,3.8,15717.7,14162.9,2.2,104.0007,3700.9
01-12-2018,260.063,14362.7,3.9,15925,14051.6,2.27,103.9946,3773
01-01-2019,260.686,14430,4,15922,14088.4,2.4,103.373,3745
01-02-2019,261.067,14469.9,3.8,15998.5,14115.5,2.4,102.8292,3752.1
01-03-2019,261.537,14509.9,3.8,16044.3,14240.1,2.41,102.8286,3736.9
01-04-2019,261.976,14541,3.6,16047.2,14278.3,2.42,102.2481,3783.9
01-05-2019,262.304,14643.2,3.7,16050.8,14340.8,2.39,102.4192,3788.2
01-06-2019,262.859,14757.7,3.6,16085.2,14391.2,2.38,102.4893,3828.4
01-07-2019,263.313,14840.6,3.7,16126.7,14471.8,2.4,102.0236,3860.3
01-08-2019,263.975,14914.6,3.7,16226.6,14525.7,2.13,102.7754,3855.3
01-09-2019,264.425,15008.1,3.5,16279.6,14555.6,2.04,102.5315,3899.5
01-10-2019,264.94,15140.8,3.6,16339.8,14584,1.83,101.6022,3933.1
01-11-2019,265.484,15242.2,3.6,16407.8,14678.6,1.55,102.148,3949.5
01-12-2019,265.924,15320.7,3.6,16355.2,14741.3,1.55,101.884,4021.2
01-01-2020,266.626,15396,3.5,16557.6,14815.7,1.55,101.3768,3978.6
01-02-2020,267.283,,,,,,,
01-03-2020,267.09,,,,,,,
01-04-2020,265.771,,,,,,,
01-05-2020,265.574,,,,,,,
01-06-2020,265.952,,,,,,,
01-07-2020,267.352,,,,,,,
01-08-2020,268.469,,,,,,,
01-09-2020,268.938,,,,,,,
01-10-2020,269.236,,,,,,,
01-11-2020,269.901,,,,,,,
01-12-2020,270.267,,,,,,,
01-01-2021,270.383,,,,,,,
01-02-2021,270.727,,,,,,,
01-03-2021,271.526,,,,,,,
01-04-2021,273.615,,,,,,,
01-05-2021,275.654,,,,,,,
01-06-2021,277.676,,,,,,,
01-07-2021,278.522,,,,,,,
01-08-2021,279.057,,,,,,,
01-09-2021,279.755,,,,,,,
01-10-2021,281.588,,,,,,,
01-11-2021,283.34,,,,,,,
01-12-2021,285.193,,,,,,,
01-01-2022,286.792,,,,,,,
01-02-2022,288.147,,,,,,,
01-03-2022,289.046,,,,,,,
01-04-2022,290.41,,,,,,,
01-05-2022,292.251,,,,,,,
01-06-2022,294.017,,,,,,,
01-07-2022,294.925,,,,,,,
01-08-2022,296.639,,,,,,,
01-09-2022,298.339,,,,,,,
01-10-2022,299.333,,,,,,,
01-11-2022,300.261,,,,,,,
01-12-2022,301.46,,,,,,,
01-01-2023,302.702,,,,,,,
01-02-2023,304.07,,,,,,,
01-03-2023,305.24,,,,,,,
01-04-2023,306.489,,,,,,,
01-05-2023,307.824,,,,,,,
01-06-2023,308.309,,,,,,,
01-07-2023,308.801,,,,,,,
01-08-2023,309.661,,,,,,,
01-09-2023,310.661,,,,,,,
01-10-2023,311.365,,,,,,,
